from,to,rail_id,fee_pct,slippage_pct,fx_rate,latency_sec
USD,INR,WISE,1.4,0.4,90.61520586148856,28800
USD,INR,STRIPE,3.1,0.8,88.80290174425879,172800
USD,INR,PAYPAL,3.6,0.9,86.99059762702902,7200
USD,INR,SWIFT,2.0,0.5,89.70905380287367,259200
USD,EUR,WISE,1.4,0.4,0.8399,28800
USD,EUR,STRIPE,3.1,0.8,0.823102,172800
USD,EUR,PAYPAL,3.6,0.9,0.8063039999999999,7200
USD,EUR,SWIFT,2.0,0.5,0.8315009999999999,259200
USD,GBP,WISE,1.4,0.4,0.7312095190817371,28800
USD,GBP,STRIPE,3.1,0.8,0.7165853287001024,172800
USD,GBP,PAYPAL,3.6,0.9,0.7019611383184676,7200
USD,GBP,SWIFT,2.0,0.5,0.7238974238909198,259200
USD,JPY,WISE,1.4,0.4,155.38769045857973,28800
USD,JPY,STRIPE,3.1,0.8,152.27993664940814,172800
USD,JPY,PAYPAL,3.6,0.9,149.17218284023653,7200
USD,JPY,SWIFT,2.0,0.5,153.83381355399393,259200
USD,AUD,WISE,1.4,0.4,1.414204,28800
USD,AUD,STRIPE,3.1,0.8,1.38591992,172800
USD,AUD,PAYPAL,3.6,0.9,1.35763584,7200
USD,AUD,SWIFT,2.0,0.5,1.40006196,259200
USD,CAD,WISE,1.4,0.4,1.3556674914756015,28800
USD,CAD,STRIPE,3.1,0.8,1.3285541416460895,172800
USD,CAD,PAYPAL,3.6,0.9,1.3014407918165773,7200
USD,CAD,SWIFT,2.0,0.5,1.3421108165608455,259200
USD,SGD,WISE,1.4,0.4,1.265289,28800
USD,SGD,STRIPE,3.1,0.8,1.23998322,172800
USD,SGD,PAYPAL,3.6,0.9,1.21467744,7200
USD,SGD,SWIFT,2.0,0.5,1.25263611,259200
USD,AED,WISE,1.4,0.4,3.672824998468481,28800
USD,AED,STRIPE,3.1,0.8,3.5993684984991114,172800
USD,AED,PAYPAL,3.6,0.9,3.525911998529742,7200
USD,AED,SWIFT,2.0,0.5,3.636096748483796,259200
USD,BRL,WISE,1.4,0.4,5.1935995,28800
USD,BRL,STRIPE,3.1,0.8,5.08972751,172800
USD,BRL,PAYPAL,3.6,0.9,4.98585552,7200
USD,BRL,SWIFT,2.0,0.5,5.141663505,259200
USD,USDC,CEX_SPOT,1.0,0.1,1.0,600
USD,USDC,DEFI_POOL,0.3,0.5,1.0,30
USD,USDT,CEX_SPOT,1.0,0.1,1.0006954833609358,600
USD,USDT,DEFI_POOL,0.3,0.5,1.0006954833609358,30
USD,ETH,CEX_SPOT,1.0,0.1,0.0004960600431076,600
USD,ETH,DEFI_POOL,0.3,0.5,0.0004960600431076,30
USD,BTC,CEX_SPOT,1.0,0.1,0.0000144673717726,600
USD,BTC,DEFI_POOL,0.3,0.5,0.0000144673717726,30
INR,USD,WISE,1.4,0.4,0.0110356754199573,28800
INR,USD,STRIPE,3.1,0.8,0.010814961911558153,172800
INR,USD,PAYPAL,3.6,0.9,0.010594248403159007,7200
INR,USD,SWIFT,2.0,0.5,0.010925318665757727,259200
INR,EUR,WISE,1.4,0.4,0.009268863785222136,28800
INR,EUR,STRIPE,3.1,0.8,0.009083486509517694,172800
INR,EUR,PAYPAL,3.6,0.9,0.00889810923381325,7200
INR,EUR,SWIFT,2.0,0.5,0.009176175147369915,259200
INR,GBP,WISE,1.4,0.4,0.008069390916569125,28800
INR,GBP,STRIPE,3.1,0.8,0.007908003098237743,172800
INR,GBP,PAYPAL,3.6,0.9,0.00774661527990636,7200
INR,GBP,SWIFT,2.0,0.5,0.007988697007403433,259200
INR,JPY,WISE,1.4,0.4,1.7148081161576818,28800
INR,JPY,STRIPE,3.1,0.8,1.6805119538345281,172800
INR,JPY,PAYPAL,3.6,0.9,1.6462157915113744,7200
INR,JPY,SWIFT,2.0,0.5,1.697660034996105,259200
INR,AUD,WISE,1.4,0.4,0.015606696321605294,28800
INR,AUD,STRIPE,3.1,0.8,0.015294562395173189,172800
INR,AUD,PAYPAL,3.6,0.9,0.014982428468741081,7200
INR,AUD,SWIFT,2.0,0.5,0.01545062935838924,259200
INR,CAD,WISE,1.4,0.4,0.014960706413312468,28800
INR,CAD,STRIPE,3.1,0.8,0.01466149228504622,172800
INR,CAD,PAYPAL,3.6,0.9,0.014362278156779968,7200
INR,CAD,SWIFT,2.0,0.5,0.014811099349179343,259200
INR,SGD,WISE,1.4,0.4,0.013963318716442354,28800
INR,SGD,STRIPE,3.1,0.8,0.013684052342113506,172800
INR,SGD,PAYPAL,3.6,0.9,0.013404785967784659,7200
INR,SGD,SWIFT,2.0,0.5,0.013823685529277931,259200
INR,AED,WISE,1.4,0.4,0.040532104557403324,28800
INR,AED,STRIPE,3.1,0.8,0.039721462466255256,172800
INR,AED,PAYPAL,3.6,0.9,0.03891082037510719,7200
INR,AED,SWIFT,2.0,0.5,0.04012678351182929,259200
INR,BRL,WISE,1.4,0.4,0.05731487834325253,28800
INR,BRL,STRIPE,3.1,0.8,0.05616858077638748,172800
INR,BRL,PAYPAL,3.6,0.9,0.055022283209522425,7200
INR,BRL,SWIFT,2.0,0.5,0.05674172955982001,259200
INR,USDC,CEX_SPOT,1.0,0.1,0.0110356754199573,600
INR,USDC,DEFI_POOL,0.3,0.5,0.0110356754199573,30
INR,USDT,CEX_SPOT,1.0,0.1,0.011043350548588569,600
INR,USDT,DEFI_POOL,0.3,0.5,0.011043350548588569,30
INR,ETH,CEX_SPOT,1.0,0.1,5.4743576245455e-6,600
INR,ETH,DEFI_POOL,0.3,0.5,5.4743576245455e-6,30
INR,BTC,CEX_SPOT,1.0,0.1,1.596572190622659e-7,600
INR,BTC,DEFI_POOL,0.3,0.5,1.596572190622659e-7,30
EUR,USD,WISE,1.4,0.4,1.1906179307060365,28800
EUR,USD,STRIPE,3.1,0.8,1.1668055720919157,172800
EUR,USD,PAYPAL,3.6,0.9,1.142993213477795,7200
EUR,USD,SWIFT,2.0,0.5,1.1787117513989762,259200
EUR,INR,WISE,1.4,0.4,107.88808889330701,28800
EUR,INR,STRIPE,3.1,0.8,105.73032711544087,172800
EUR,INR,PAYPAL,3.6,0.9,103.57256533757473,7200
EUR,INR,SWIFT,2.0,0.5,106.80920800437394,259200
EUR,GBP,WISE,1.4,0.4,0.870591164521654,28800
EUR,GBP,STRIPE,3.1,0.8,0.8531793412312209,172800
EUR,GBP,PAYPAL,3.6,0.9,0.8357675179407877,7200
EUR,GBP,SWIFT,2.0,0.5,0.8618852528764375,259200
EUR,JPY,WISE,1.4,0.4,185.0073704709843,28800
EUR,JPY,STRIPE,3.1,0.8,181.30722306156463,172800
EUR,JPY,PAYPAL,3.6,0.9,177.60707565214494,7200
EUR,JPY,SWIFT,2.0,0.5,183.15729676627447,259200
EUR,AUD,WISE,1.4,0.4,1.6837766400761995,28800
EUR,AUD,STRIPE,3.1,0.8,1.6501011072746756,172800
EUR,AUD,PAYPAL,3.6,0.9,1.6164255744731515,7200
EUR,AUD,SWIFT,2.0,0.5,1.6669388736754376,259200
EUR,CAD,WISE,1.4,0.4,1.614082023426124,28800
EUR,CAD,STRIPE,3.1,0.8,1.5818003829576015,172800
EUR,CAD,PAYPAL,3.6,0.9,1.5495187424890788,7200
EUR,CAD,SWIFT,2.0,0.5,1.5979412031918627,259200
EUR,SGD,WISE,1.4,0.4,1.5064757709251102,28800
EUR,SGD,STRIPE,3.1,0.8,1.476346255506608,172800
EUR,SGD,PAYPAL,3.6,0.9,1.4462167400881056,7200
EUR,SGD,SWIFT,2.0,0.5,1.4914110132158591,259200
EUR,AED,WISE,1.4,0.4,4.3729312995219445,28800
EUR,AED,STRIPE,3.1,0.8,4.285472673531506,172800
EUR,AED,PAYPAL,3.6,0.9,4.198014047541067,7200
EUR,AED,SWIFT,2.0,0.5,4.329201986526725,259200
EUR,BRL,WISE,1.4,0.4,6.183592689605906,28800
EUR,BRL,STRIPE,3.1,0.8,6.059920835813787,172800
EUR,BRL,PAYPAL,3.6,0.9,5.936248982021669,7200
EUR,BRL,SWIFT,2.0,0.5,6.121756762709847,259200
EUR,USDC,CEX_SPOT,1.0,0.1,1.1906179307060365,600
EUR,USDC,DEFI_POOL,0.3,0.5,1.1906179307060365,30
EUR,USDT,CEX_SPOT,1.0,0.1,1.1914459856660744,600
EUR,USDT,DEFI_POOL,0.3,0.5,1.1914459856660744,30
EUR,ETH,CEX_SPOT,1.0,0.1,0.000590617982030718,600
EUR,ETH,DEFI_POOL,0.3,0.5,0.000590617982030718,30
EUR,BTC,CEX_SPOT,1.0,0.1,0.000017225112242647934,600
EUR,BTC,DEFI_POOL,0.3,0.5,0.000017225112242647934,30
GBP,USD,WISE,1.4,0.4,1.3675970756723923,28800
GBP,USD,STRIPE,3.1,0.8,1.3402451341589445,172800
GBP,USD,PAYPAL,3.6,0.9,1.3128931926454965,7200
GBP,USD,SWIFT,2.0,0.5,1.3539211049156683,259200
GBP,INR,WISE,1.4,0.4,123.92509054762357,28800
GBP,INR,STRIPE,3.1,0.8,121.44658873667109,172800
GBP,INR,PAYPAL,3.6,0.9,118.96808692571862,7200
GBP,INR,SWIFT,2.0,0.5,122.68583964214733,259200
GBP,EUR,WISE,1.4,0.4,1.1486447838572422,28800
GBP,EUR,STRIPE,3.1,0.8,1.1256718881800973,172800
GBP,EUR,PAYPAL,3.6,0.9,1.1026989925029524,7200
GBP,EUR,SWIFT,2.0,0.5,1.13715833601867,259200
GBP,JPY,WISE,1.4,0.4,212.5077510666405,28800
GBP,JPY,STRIPE,3.1,0.8,208.2575960453077,172800
GBP,JPY,PAYPAL,3.6,0.9,204.00744102397488,7200
GBP,JPY,SWIFT,2.0,0.5,210.3826735559741,259200
GBP,AUD,WISE,1.4,0.4,1.9340612548041998,28800
GBP,AUD,STRIPE,3.1,0.8,1.8953800297081158,172800
GBP,AUD,PAYPAL,3.6,0.9,1.8566988046120316,7200
GBP,AUD,SWIFT,2.0,0.5,1.9147206422561578,259200
GBP,CAD,WISE,1.4,0.4,1.8540068969261603,28800
GBP,CAD,STRIPE,3.1,0.8,1.816926758987637,172800
GBP,CAD,PAYPAL,3.6,0.9,1.7798466210491137,7200
GBP,CAD,SWIFT,2.0,0.5,1.8354668279568986,259200
GBP,SGD,WISE,1.4,0.4,1.7304055362804456,28800
GBP,SGD,STRIPE,3.1,0.8,1.6957974255548367,172800
GBP,SGD,PAYPAL,3.6,0.9,1.6611893148292276,7200
GBP,SGD,SWIFT,2.0,0.5,1.713101480917641,259200
GBP,AED,WISE,1.4,0.4,5.022944727361953,28800
GBP,AED,STRIPE,3.1,0.8,4.922485832814713,172800
GBP,AED,PAYPAL,3.6,0.9,4.8220269382674745,7200
GBP,AED,SWIFT,2.0,0.5,4.972715280088333,259200
GBP,BRL,WISE,1.4,0.4,7.102751488413599,28800
GBP,BRL,STRIPE,3.1,0.8,6.960696458645327,172800
GBP,BRL,PAYPAL,3.6,0.9,6.818641428877055,7200
GBP,BRL,SWIFT,2.0,0.5,7.031723973529463,259200
GBP,USDC,CEX_SPOT,1.0,0.1,1.3675970756723923,600
GBP,USDC,DEFI_POOL,0.3,0.5,1.3675970756723923,30
GBP,USDT,CEX_SPOT,1.0,0.1,1.3685482166829868,600
GBP,USDT,DEFI_POOL,0.3,0.5,1.3685482166829868,30
GBP,ETH,CEX_SPOT,1.0,0.1,0.0006784102643118746,600
GBP,ETH,DEFI_POOL,0.3,0.5,0.0006784102643118746,30
GBP,BTC,CEX_SPOT,1.0,0.1,0.000019785535328873072,600
GBP,BTC,DEFI_POOL,0.3,0.5,0.000019785535328873072,30
JPY,USD,WISE,1.4,0.4,0.0064355162049761,28800
JPY,USD,STRIPE,3.1,0.8,0.006306805880876578,172800
JPY,USD,PAYPAL,3.6,0.9,0.006178095556777056,7200
JPY,USD,SWIFT,2.0,0.5,0.006371161042926339,259200
JPY,INR,WISE,1.4,0.4,0.5831556257388549,28800
JPY,INR,STRIPE,3.1,0.8,0.5714925132240778,172800
JPY,INR,PAYPAL,3.6,0.9,0.5598294007093008,7200
JPY,INR,SWIFT,2.0,0.5,0.5773240694814664,259200
JPY,EUR,WISE,1.4,0.4,0.005405190060559426,28800
JPY,EUR,STRIPE,3.1,0.8,0.005297086259348238,172800
JPY,EUR,PAYPAL,3.6,0.9,0.005188982458137049,7200
JPY,EUR,SWIFT,2.0,0.5,0.0053511381599538315,259200
JPY,GBP,WISE,1.4,0.4,0.004705710709283301,28800
JPY,GBP,STRIPE,3.1,0.8,0.004611596495097635,172800
JPY,GBP,PAYPAL,3.6,0.9,0.004517482280911969,7200
JPY,GBP,SWIFT,2.0,0.5,0.004658653602190467,259200
JPY,AUD,WISE,1.4,0.4,0.009101132759142021,28800
JPY,AUD,STRIPE,3.1,0.8,0.00891911010395918,172800
JPY,AUD,PAYPAL,3.6,0.9,0.00873708744877634,7200
JPY,AUD,SWIFT,2.0,0.5,0.009010121431550602,259200
JPY,CAD,WISE,1.4,0.4,0.008724420109950533,28800
JPY,CAD,STRIPE,3.1,0.8,0.008549931707751523,172800
JPY,CAD,PAYPAL,3.6,0.9,0.008375443305552512,7200
JPY,CAD,SWIFT,2.0,0.5,0.008637175908851028,259200
JPY,SGD,WISE,1.4,0.4,0.008142787863478006,28800
JPY,SGD,STRIPE,3.1,0.8,0.007979932106208447,172800
JPY,SGD,PAYPAL,3.6,0.9,0.007817076348938886,7200
JPY,SGD,SWIFT,2.0,0.5,0.008061359984843227,259200
JPY,AED,WISE,1.4,0.4,0.023636524795685232,28800
JPY,AED,STRIPE,3.1,0.8,0.02316379429977153,172800
JPY,AED,PAYPAL,3.6,0.9,0.02269106380385782,7200
JPY,AED,SWIFT,2.0,0.5,0.02340015954772838,259200
JPY,BRL,WISE,1.4,0.4,0.03342349374440577,28800
JPY,BRL,STRIPE,3.1,0.8,0.032755023869517653,172800
JPY,BRL,PAYPAL,3.6,0.9,0.03208655399462954,7200
JPY,BRL,SWIFT,2.0,0.5,0.033089258806961716,259200
JPY,USDC,CEX_SPOT,1.0,0.1,0.0064355162049761,600
JPY,USDC,DEFI_POOL,0.3,0.5,0.0064355162049761,30
JPY,USDT,CEX_SPOT,1.0,0.1,0.006439991999415694,600
JPY,USDT,DEFI_POOL,0.3,0.5,0.006439991999415694,30
JPY,ETH,CEX_SPOT,1.0,0.1,3.1924024460601032e-6,600
JPY,ETH,DEFI_POOL,0.3,0.5,3.1924024460601032e-6,30
JPY,BTC,CEX_SPOT,1.0,0.1,9.310500548598111e-8,600
JPY,BTC,DEFI_POOL,0.3,0.5,9.310500548598111e-8,30
AUD,USD,WISE,1.4,0.4,0.7071115624054238,28800
AUD,USD,STRIPE,3.1,0.8,0.6929693311573153,172800
AUD,USD,PAYPAL,3.6,0.9,0.6788270999092069,7200
AUD,USD,SWIFT,2.0,0.5,0.7000404467813696,259200
AUD,INR,WISE,1.4,0.4,64.0750597944063,28800
AUD,INR,STRIPE,3.1,0.8,62.793558598518175,172800
AUD,INR,PAYPAL,3.6,0.9,61.51205740263005,7200
AUD,INR,SWIFT,2.0,0.5,63.43430919646224,259200
AUD,EUR,WISE,1.4,0.4,0.5939030012643155,28800
AUD,EUR,STRIPE,3.1,0.8,0.5820249412390291,172800
AUD,EUR,PAYPAL,3.6,0.9,0.5701468812137429,7200
AUD,EUR,SWIFT,2.0,0.5,0.5879639712516723,259200
AUD,GBP,WISE,1.4,0.4,0.5170467054836058,28800
AUD,GBP,STRIPE,3.1,0.8,0.5067057713739337,172800
AUD,GBP,PAYPAL,3.6,0.9,0.4963648372642615,7200
AUD,GBP,SWIFT,2.0,0.5,0.5118762384287697,259200
AUD,JPY,WISE,1.4,0.4,109.87643257873668,28800
AUD,JPY,STRIPE,3.1,0.8,107.67890392716195,172800
AUD,JPY,PAYPAL,3.6,0.9,105.48137527558721,7200
AUD,JPY,SWIFT,2.0,0.5,108.77766825294931,259200
AUD,CAD,WISE,1.4,0.4,0.9586081579995541,28800
AUD,CAD,STRIPE,3.1,0.8,0.939435994839563,172800
AUD,CAD,PAYPAL,3.6,0.9,0.9202638316795719,7200
AUD,CAD,SWIFT,2.0,0.5,0.9490220764195586,259200
AUD,SGD,WISE,1.4,0.4,0.8947004816843964,28800
AUD,SGD,STRIPE,3.1,0.8,0.8768064720507085,172800
AUD,SGD,PAYPAL,3.6,0.9,0.8589124624170206,7200
AUD,SGD,SWIFT,2.0,0.5,0.8857534768675525,259200
AUD,AED,WISE,1.4,0.4,2.597097023108746,28800
AUD,AED,STRIPE,3.1,0.8,2.5451550826465708,172800
AUD,AED,PAYPAL,3.6,0.9,2.4932131421843957,7200
AUD,AED,SWIFT,2.0,0.5,2.5711260528776583,259200
AUD,BRL,WISE,1.4,0.4,3.6724542569530283,28800
AUD,BRL,STRIPE,3.1,0.8,3.5990051718139675,172800
AUD,BRL,PAYPAL,3.6,0.9,3.525556086674907,7200
AUD,BRL,SWIFT,2.0,0.5,3.635729714383498,259200
AUD,USDC,CEX_SPOT,1.0,0.1,0.7071115624054238,600
AUD,USDC,DEFI_POOL,0.3,0.5,0.7071115624054238,30
AUD,USDT,CEX_SPOT,1.0,0.1,0.7076033467314021,600
AUD,USDT,DEFI_POOL,0.3,0.5,0.7076033467314021,30
AUD,ETH,CEX_SPOT,1.0,0.1,0.00035076979212871696,600
AUD,ETH,DEFI_POOL,0.3,0.5,0.00035076979212871696,30
AUD,BTC,CEX_SPOT,1.0,0.1,0.000010230045858023312,600
AUD,BTC,DEFI_POOL,0.3,0.5,0.000010230045858023312,30
CAD,USD,WISE,1.4,0.4,0.7376440065782881,28800
CAD,USD,STRIPE,3.1,0.8,0.7228911264467224,172800
CAD,USD,PAYPAL,3.6,0.9,0.7081382463151565,7200
CAD,USD,SWIFT,2.0,0.5,0.7302675665125052,259200
CAD,INR,WISE,1.4,0.4,66.8417635085848,28800
CAD,INR,STRIPE,3.1,0.8,65.5049282384131,172800
CAD,INR,PAYPAL,3.6,0.9,64.16809296824141,7200
CAD,INR,SWIFT,2.0,0.5,66.17334587349896,259200
CAD,EUR,WISE,1.4,0.4,0.6195472011251042,28800
CAD,EUR,STRIPE,3.1,0.8,0.6071562571026021,172800
CAD,EUR,PAYPAL,3.6,0.9,0.5947653130801,7200
CAD,EUR,SWIFT,2.0,0.5,0.6133517291138532,259200
CAD,GBP,WISE,1.4,0.4,0.5393723193036358,28800
CAD,GBP,STRIPE,3.1,0.8,0.5285848729175631,172800
CAD,GBP,PAYPAL,3.6,0.9,0.5177974265314904,7200
CAD,GBP,SWIFT,2.0,0.5,0.5339785961105995,259200
CAD,JPY,WISE,1.4,0.4,114.62079856281359,28800
CAD,JPY,STRIPE,3.1,0.8,112.32838259155731,172800
CAD,JPY,PAYPAL,3.6,0.9,110.03596662030104,7200
CAD,JPY,SWIFT,2.0,0.5,113.47459057718545,259200
CAD,AUD,WISE,1.4,0.4,1.0431791046790415,28800
CAD,AUD,STRIPE,3.1,0.8,1.0223155225854608,172800
CAD,AUD,PAYPAL,3.6,0.9,1.0014519404918798,7200
CAD,AUD,SWIFT,2.0,0.5,1.0327473136322511,259200
CAD,SGD,WISE,1.4,0.4,0.9333328474394357,28800
CAD,SGD,STRIPE,3.1,0.8,0.9146661904906469,172800
CAD,SGD,PAYPAL,3.6,0.9,0.8959995335418582,7200
CAD,SGD,SWIFT,2.0,0.5,0.9239995189650413,259200
CAD,AED,WISE,1.4,0.4,2.7092373473311855,28800
CAD,AED,STRIPE,3.1,0.8,2.6550526003845616,172800
CAD,AED,PAYPAL,3.6,0.9,2.600867853437938,7200
CAD,AED,SWIFT,2.0,0.5,2.6821449738578735,259200
CAD,BRL,WISE,1.4,0.4,3.8310275437429944,28800
CAD,BRL,STRIPE,3.1,0.8,3.7544069928681343,172800
CAD,BRL,PAYPAL,3.6,0.9,3.6777864419932746,7200
CAD,BRL,SWIFT,2.0,0.5,3.7927172683055645,259200
CAD,USDC,CEX_SPOT,1.0,0.1,0.7376440065782881,600
CAD,USDC,DEFI_POOL,0.3,0.5,0.7376440065782881,30
CAD,USDT,CEX_SPOT,1.0,0.1,0.7381570257111574,600
CAD,USDT,DEFI_POOL,0.3,0.5,0.7381570257111574,30
CAD,ETH,CEX_SPOT,1.0,0.1,0.00036591571770128845,600
CAD,ETH,DEFI_POOL,0.3,0.5,0.00036591571770128845,30
CAD,BTC,CEX_SPOT,1.0,0.1,0.000010671770078998295,600
CAD,BTC,DEFI_POOL,0.3,0.5,0.000010671770078998295,30
SGD,USD,WISE,1.4,0.4,0.7903332756390041,28800
SGD,USD,STRIPE,3.1,0.8,0.774526610126224,172800
SGD,USD,PAYPAL,3.6,0.9,0.7587199446134439,7200
SGD,USD,SWIFT,2.0,0.5,0.782429942882614,259200
SGD,INR,WISE,1.4,0.4,71.61621247121295,28800
SGD,INR,STRIPE,3.1,0.8,70.18388822178869,172800
SGD,INR,PAYPAL,3.6,0.9,68.75156397236442,7200
SGD,INR,SWIFT,2.0,0.5,70.90005034650082,259200
SGD,EUR,WISE,1.4,0.4,0.6638009182091996,28800
SGD,EUR,STRIPE,3.1,0.8,0.6505248998450156,172800
SGD,EUR,PAYPAL,3.6,0.9,0.6372488814808316,7200
SGD,EUR,SWIFT,2.0,0.5,0.6571629090271076,259200
SGD,GBP,WISE,1.4,0.4,0.5778992143942903,28800
SGD,GBP,STRIPE,3.1,0.8,0.5663412301064045,172800
SGD,GBP,PAYPAL,3.6,0.9,0.5547832458185187,7200
SGD,GBP,SWIFT,2.0,0.5,0.5721202222503473,259200
SGD,JPY,WISE,1.4,0.4,122.80806239410894,28800
SGD,JPY,STRIPE,3.1,0.8,120.35190114622677,172800
SGD,JPY,PAYPAL,3.6,0.9,117.89573989834459,7200
SGD,JPY,SWIFT,2.0,0.5,121.57998177016785,259200
SGD,AUD,WISE,1.4,0.4,1.1176924797417822,28800
SGD,AUD,STRIPE,3.1,0.8,1.0953386301469465,172800
SGD,AUD,PAYPAL,3.6,0.9,1.0729847805521109,7200
SGD,AUD,SWIFT,2.0,0.5,1.1065155549443644,259200
SGD,CAD,WISE,1.4,0.4,1.0714291292152238,28800
SGD,CAD,STRIPE,3.1,0.8,1.0500005466309192,172800
SGD,CAD,PAYPAL,3.6,0.9,1.0285719640466149,7200
SGD,CAD,SWIFT,2.0,0.5,1.0607148379230715,259200
SGD,AED,WISE,1.4,0.4,2.902755811888415,28800
SGD,AED,STRIPE,3.1,0.8,2.844700695650647,172800
SGD,AED,PAYPAL,3.6,0.9,2.7866455794128786,7200
SGD,AED,SWIFT,2.0,0.5,2.873728253769531,259200
SGD,BRL,WISE,1.4,0.4,4.1046745051920945,28800
SGD,BRL,STRIPE,3.1,0.8,4.022581015088252,172800
SGD,BRL,PAYPAL,3.6,0.9,3.9404875249844107,7200
SGD,BRL,SWIFT,2.0,0.5,4.063627760140173,259200
SGD,USDC,CEX_SPOT,1.0,0.1,0.7903332756390041,600
SGD,USDC,DEFI_POOL,0.3,0.5,0.7903332756390041,30
SGD,USDT,CEX_SPOT,1.0,0.1,0.790882939281805,600
SGD,USDT,DEFI_POOL,0.3,0.5,0.790882939281805,30
SGD,ETH,CEX_SPOT,1.0,0.1,0.00039205275878285517,600
SGD,ETH,DEFI_POOL,0.3,0.5,0.00039205275878285517,30
SGD,BTC,CEX_SPOT,1.0,0.1,0.000011434045322926225,600
SGD,BTC,DEFI_POOL,0.3,0.5,0.000011434045322926225,30
AED,USD,WISE,1.4,0.4,0.2722699830285915,28800
AED,USD,STRIPE,3.1,0.8,0.2668245833680197,172800
AED,USD,PAYPAL,3.6,0.9,0.26137918370744784,7200
AED,USD,SWIFT,2.0,0.5,0.2695472831983056,259200
AED,INR,WISE,1.4,0.4,24.671800562039817,28800
AED,INR,STRIPE,3.1,0.8,24.17836455079902,172800
AED,INR,PAYPAL,3.6,0.9,23.68492853955822,7200
AED,INR,SWIFT,2.0,0.5,24.42508255641942,259200
AED,EUR,WISE,1.4,0.4,0.228679558745714,28800
AED,EUR,STRIPE,3.1,0.8,0.2241059675707997,172800
AED,EUR,PAYPAL,3.6,0.9,0.21953237639588544,7200
AED,EUR,SWIFT,2.0,0.5,0.22639276315825685,259200
AED,GBP,WISE,1.4,0.4,0.19908640335072914,28800
AED,GBP,STRIPE,3.1,0.8,0.19510467528371456,172800
AED,GBP,PAYPAL,3.6,0.9,0.19112294721669995,7200
AED,GBP,SWIFT,2.0,0.5,0.19709553931722185,259200
AED,JPY,WISE,1.4,0.4,42.307403844009535,28800
AED,JPY,STRIPE,3.1,0.8,41.461255767129344,172800
AED,JPY,PAYPAL,3.6,0.9,40.615107690249154,7200
AED,JPY,SWIFT,2.0,0.5,41.884329805569436,259200
AED,AUD,WISE,1.4,0.4,0.38504529907896623,28800
AED,AUD,STRIPE,3.1,0.8,0.3773443930973869,172800
AED,AUD,PAYPAL,3.6,0.9,0.3696434871158076,7200
AED,AUD,SWIFT,2.0,0.5,0.38119484608817655,259200
AED,CAD,WISE,1.4,0.4,0.3691075648964752,28800
AED,CAD,STRIPE,3.1,0.8,0.3617254135985457,172800
AED,CAD,PAYPAL,3.6,0.9,0.3543432623006162,7200
AED,CAD,SWIFT,2.0,0.5,0.36541648924751047,259200
AED,SGD,WISE,1.4,0.4,0.34450021455626356,28800
AED,SGD,STRIPE,3.1,0.8,0.33761021026513827,172800
AED,SGD,PAYPAL,3.6,0.9,0.330720205974013,7200
AED,SGD,SWIFT,2.0,0.5,0.3410552124107009,259200
AED,BRL,WISE,1.4,0.4,1.4140612477223016,28800
AED,BRL,STRIPE,3.1,0.8,1.3857800227678556,172800
AED,BRL,PAYPAL,3.6,0.9,1.3574987978134094,7200
AED,BRL,SWIFT,2.0,0.5,1.3999206352450786,259200
AED,USDC,CEX_SPOT,1.0,0.1,0.2722699830285915,600
AED,USDC,DEFI_POOL,0.3,0.5,0.2722699830285915,30
AED,USDT,CEX_SPOT,1.0,0.1,0.2724593422714702,600
AED,USDT,DEFI_POOL,0.3,0.5,0.2724593422714702,30
AED,ETH,CEX_SPOT,1.0,0.1,0.00013506225951806863,600
AED,ETH,DEFI_POOL,0.3,0.5,0.00013506225951806863,30
AED,BTC,CEX_SPOT,1.0,0.1,3.939031066994126e-6,600
AED,BTC,DEFI_POOL,0.3,0.5,3.939031066994126e-6,30
BRL,USD,WISE,1.4,0.4,0.19254468890025114,28800
BRL,USD,STRIPE,3.1,0.8,0.18869379512224613,172800
BRL,USD,PAYPAL,3.6,0.9,0.18484290134424108,7200
BRL,USD,SWIFT,2.0,0.5,0.19061924201124864,259200
BRL,INR,WISE,1.4,0.4,17.44747662223253,28800
BRL,INR,STRIPE,3.1,0.8,17.09852708978788,172800
BRL,INR,PAYPAL,3.6,0.9,16.749577557343226,7200
BRL,INR,SWIFT,2.0,0.5,17.273001856010204,259200
BRL,EUR,WISE,1.4,0.4,0.16171828420732093,28800
BRL,EUR,STRIPE,3.1,0.8,0.1584839185231745,172800
BRL,EUR,PAYPAL,3.6,0.9,0.15524955283902808,7200
BRL,EUR,SWIFT,2.0,0.5,0.16010110136524772,259200
BRL,GBP,WISE,1.4,0.4,0.14079050937249535,28800
BRL,GBP,STRIPE,3.1,0.8,0.13797469918504543,172800
BRL,GBP,PAYPAL,3.6,0.9,0.13515888899759554,7200
BRL,GBP,SWIFT,2.0,0.5,0.1393826042787704,259200
BRL,JPY,WISE,1.4,0.4,29.919074518275757,28800
BRL,JPY,STRIPE,3.1,0.8,29.32069302791024,172800
BRL,JPY,PAYPAL,3.6,0.9,28.722311537544726,7200
BRL,JPY,SWIFT,2.0,0.5,29.619883773092997,259200
BRL,AUD,WISE,1.4,0.4,0.2722974692214908,28800
BRL,AUD,STRIPE,3.1,0.8,0.26685151983706096,172800
BRL,AUD,PAYPAL,3.6,0.9,0.26140557045263113,7200
BRL,AUD,SWIFT,2.0,0.5,0.2695744945292759,259200
BRL,CAD,WISE,1.4,0.4,0.26102657539835356,28800
BRL,CAD,STRIPE,3.1,0.8,0.25580604389038647,172800
BRL,CAD,PAYPAL,3.6,0.9,0.2505855123824194,7200
BRL,CAD,SWIFT,2.0,0.5,0.25841630964437,259200
BRL,SGD,WISE,1.4,0.4,0.2436246768739099,28800
BRL,SGD,STRIPE,3.1,0.8,0.2387521833364317,172800
BRL,SGD,PAYPAL,3.6,0.9,0.2338796897989535,7200
BRL,SGD,SWIFT,2.0,0.5,0.2411884301051708,259200
BRL,AED,WISE,1.4,0.4,0.7071829467151791,28800
BRL,AED,STRIPE,3.1,0.8,0.6930392877808755,172800
BRL,AED,PAYPAL,3.6,0.9,0.678895628846572,7200
BRL,AED,SWIFT,2.0,0.5,0.7001111172480273,259200
BRL,USDC,CEX_SPOT,1.0,0.1,0.19254468890025114,600
BRL,USDC,DEFI_POOL,0.3,0.5,0.19254468890025114,30
BRL,USDT,CEX_SPOT,1.0,0.1,0.19267860052761784,600
BRL,USDT,DEFI_POOL,0.3,0.5,0.19267860052761784,30
BRL,ETH,CEX_SPOT,1.0,0.1,0.00009551372667599803,600
BRL,ETH,DEFI_POOL,0.3,0.5,0.00009551372667599803,30
BRL,BTC,CEX_SPOT,1.0,0.1,2.7856155971595423e-6,600
BRL,BTC,DEFI_POOL,0.3,0.5,2.7856155971595423e-6,30
USDC,USD,CEX_SPOT,1.0,0.1,1.0,600
USDC,USD,DEFI_POOL,0.3,0.5,1.0,30
USDC,INR,CEX_SPOT,1.0,0.1,90.61520586148856,600
USDC,INR,DEFI_POOL,0.3,0.5,90.61520586148856,30
USDC,EUR,CEX_SPOT,1.0,0.1,0.8399,600
USDC,EUR,DEFI_POOL,0.3,0.5,0.8399,30
USDC,GBP,CEX_SPOT,1.0,0.1,0.7312095190817371,600
USDC,GBP,DEFI_POOL,0.3,0.5,0.7312095190817371,30
USDC,JPY,CEX_SPOT,1.0,0.1,155.38769045857973,600
USDC,JPY,DEFI_POOL,0.3,0.5,155.38769045857973,30
USDC,AUD,CEX_SPOT,1.0,0.1,1.414204,600
USDC,AUD,DEFI_POOL,0.3,0.5,1.414204,30
USDC,CAD,CEX_SPOT,1.0,0.1,1.3556674914756015,600
USDC,CAD,DEFI_POOL,0.3,0.5,1.3556674914756015,30
USDC,SGD,CEX_SPOT,1.0,0.1,1.265289,600
USDC,SGD,DEFI_POOL,0.3,0.5,1.265289,30
USDC,AED,CEX_SPOT,1.0,0.1,3.672824998468481,600
USDC,AED,DEFI_POOL,0.3,0.5,3.672824998468481,30
USDC,BRL,CEX_SPOT,1.0,0.1,5.1935995,600
USDC,BRL,DEFI_POOL,0.3,0.5,5.1935995,30
USDC,USDT,CEX_SPOT,1.0,0.1,1.0006954833609358,600
USDC,USDT,DEFI_POOL,0.3,0.5,1.0006954833609358,30
USDC,ETH,CEX_SPOT,1.0,0.1,0.0004960600431076,600
USDC,ETH,DEFI_POOL,0.3,0.5,0.0004960600431076,30
USDC,BTC,CEX_SPOT,1.0,0.1,0.0000144673717726,600
USDC,BTC,DEFI_POOL,0.3,0.5,0.0000144673717726,30
USDT,USD,CEX_SPOT,1.0,0.1,0.999305,600
USDT,USD,DEFI_POOL,0.3,0.5,0.999305,30
USDT,INR,CEX_SPOT,1.0,0.1,90.55222829341483,600
USDT,INR,DEFI_POOL,0.3,0.5,90.55222829341483,30
USDT,EUR,CEX_SPOT,1.0,0.1,0.8393162695,600
USDT,EUR,DEFI_POOL,0.3,0.5,0.8393162695,30
USDT,GBP,CEX_SPOT,1.0,0.1,0.7307013284659754,600
USDT,GBP,DEFI_POOL,0.3,0.5,0.7307013284659754,30
USDT,JPY,CEX_SPOT,1.0,0.1,155.279696013711,600
USDT,JPY,DEFI_POOL,0.3,0.5,155.279696013711,30
USDT,AUD,CEX_SPOT,1.0,0.1,1.41322112822,600
USDT,AUD,DEFI_POOL,0.3,0.5,1.41322112822,30
USDT,CAD,CEX_SPOT,1.0,0.1,1.354725302569026,600
USDT,CAD,DEFI_POOL,0.3,0.5,1.354725302569026,30
USDT,SGD,CEX_SPOT,1.0,0.1,1.264409624145,600
USDT,SGD,DEFI_POOL,0.3,0.5,1.264409624145,30
USDT,AED,CEX_SPOT,1.0,0.1,3.6702723850945453,600
USDT,AED,DEFI_POOL,0.3,0.5,3.6702723850945453,30
USDT,BRL,CEX_SPOT,1.0,0.1,5.189989948347501,600
USDT,BRL,DEFI_POOL,0.3,0.5,5.189989948347501,30
USDT,USDC,CEX_SPOT,1.0,0.1,0.999305,600
USDT,USDC,DEFI_POOL,0.3,0.5,0.999305,30
USDT,ETH,CEX_SPOT,1.0,0.1,0.0004957152813776402,600
USDT,ETH,DEFI_POOL,0.3,0.5,0.0004957152813776402,30
USDT,BTC,CEX_SPOT,1.0,0.1,0.000014457316949218043,600
USDT,BTC,DEFI_POOL,0.3,0.5,0.000014457316949218043,30
ETH,USD,CEX_SPOT,1.0,0.1,2015.8850000000718,600
ETH,USD,DEFI_POOL,0.3,0.5,2015.8850000000718,30
ETH,INR,CEX_SPOT,1.0,0.1,182669.83426809337,600
ETH,INR,DEFI_POOL,0.3,0.5,182669.83426809337,30
ETH,EUR,CEX_SPOT,1.0,0.1,1693.1418115000604,600
ETH,EUR,DEFI_POOL,0.3,0.5,1693.1418115000604,30
ETH,GBP,CEX_SPOT,1.0,0.1,1474.0343013741403,600
ETH,GBP,DEFI_POOL,0.3,0.5,1474.0343013741403,30
ETH,JPY,CEX_SPOT,1.0,0.1,313243.71438010514,600
ETH,JPY,DEFI_POOL,0.3,0.5,313243.71438010514,30
ETH,AUD,CEX_SPOT,1.0,0.1,2850.872630540102,600
ETH,AUD,DEFI_POOL,0.3,0.5,2850.872630540102,30
ETH,CAD,CEX_SPOT,1.0,0.1,2732.8697610533904,600
ETH,CAD,DEFI_POOL,0.3,0.5,2732.8697610533904,30
ETH,SGD,CEX_SPOT,1.0,0.1,2550.677115765091,600
ETH,SGD,DEFI_POOL,0.3,0.5,2550.677115765091,30
ETH,AED,CEX_SPOT,1.0,0.1,7403.992822037898,600
ETH,AED,DEFI_POOL,0.3,0.5,7403.992822037898,30
ETH,BRL,CEX_SPOT,1.0,0.1,10469.699328057874,600
ETH,BRL,DEFI_POOL,0.3,0.5,10469.699328057874,30
ETH,USDC,CEX_SPOT,1.0,0.1,2015.8850000000718,600
ETH,USDC,DEFI_POOL,0.3,0.5,2015.8850000000718,30
ETH,USDT,CEX_SPOT,1.0,0.1,2017.287014475132,600
ETH,USDT,DEFI_POOL,0.3,0.5,2017.287014475132,30
ETH,BTC,CEX_SPOT,1.0,0.1,0.02916455774580879,600
ETH,BTC,DEFI_POOL,0.3,0.5,0.02916455774580879,30
BTC,USD,CEX_SPOT,1.0,0.1,69121.05500004617,600
BTC,USD,DEFI_POOL,0.3,0.5,69121.05500004617,30
BTC,INR,CEX_SPOT,1.0,0.1,6263418.628192456,600
BTC,INR,DEFI_POOL,0.3,0.5,6263418.628192456,30
BTC,EUR,CEX_SPOT,1.0,0.1,58054.77409453877,600
BTC,EUR,DEFI_POOL,0.3,0.5,58054.77409453877,30
BTC,GBP,CEX_SPOT,1.0,0.1,50541.97338500606,600
BTC,GBP,DEFI_POOL,0.3,0.5,50541.97338500606,30
BTC,JPY,CEX_SPOT,1.0,0.1,10740561.098517638,600
BTC,JPY,DEFI_POOL,0.3,0.5,10740561.098517638,30
BTC,AUD,CEX_SPOT,1.0,0.1,97751.27246528529,600
BTC,AUD,DEFI_POOL,0.3,0.5,97751.27246528529,30
BTC,CAD,CEX_SPOT,1.0,0.1,93705.16724005967,600
BTC,CAD,DEFI_POOL,0.3,0.5,93705.16724005967,30
BTC,SGD,CEX_SPOT,1.0,0.1,87458.11055995342,600
BTC,SGD,DEFI_POOL,0.3,0.5,87458.11055995342,30
BTC,AED,CEX_SPOT,1.0,0.1,253869.53872468436,600
BTC,AED,DEFI_POOL,0.3,0.5,253869.53872468436,30
BTC,BRL,CEX_SPOT,1.0,0.1,358987.0766877123,600
BTC,BRL,DEFI_POOL,0.3,0.5,358987.0766877123,30
BTC,USDC,CEX_SPOT,1.0,0.1,69121.05500004617,600
BTC,USDC,DEFI_POOL,0.3,0.5,69121.05500004617,30
BTC,USDT,CEX_SPOT,1.0,0.1,69169.12754368903,600
BTC,USDT,DEFI_POOL,0.3,0.5,69169.12754368903,30
BTC,ETH,CEX_SPOT,1.0,0.1,34.28819352296569,600
BTC,ETH,DEFI_POOL,0.3,0.5,34.28819352296569,30
